,Unnamed: 0,SMILES,rate of thermal isomerisation from Z-E in s-1,Solvent used for thermal isomerisation rates,Z PhotoStationaryState,E PhotoStationaryState,E isomer pi-pi* wavelength in nm,Extinction,E isomer n-pi* wavelength in nm,Extinction coefficient in M-1 cm-1,Z isomer pi-pi* wavelength in nm,Extinction.1,Z isomer n-pi* wavelength in nm,Extinction coefficient in M-1 cm-1.1,Wiberg index,E-Z irradiation wavelength in nm,Z-E irradiation wavelength,Irradiation solvent,PBE0 DFT E isomer pi-pi* wavelength in nm,PBE0 DFT E isomer n-pi* wavelength in nm,PBE0 DFT Z isomer pi-pi* wavelength in nm,PBE0 DFT Z isomer n-pi* wavelength in nm,TPSSh/6-31G** DFT E isomer pi-pi* wavelength in nm,TPSSh/6-31G** DFT E isomer n-pi* wavelength in nm,TPSSh/6-31G** DFT Z isomer pi-pi* wavelength in nm,TPSSh/6-31G** DFT Z isomer n-pi* wavelength in nm,CAM-B3LYP/6-31G** DFT E isomer pi-pi* wavelength in nm,CAM-B3LYP/6-31G** DFT E isomer n-pi* wavelength in nm,CAM-B3LYP/6-31G** DFT Z isomer pi-pi* wavelength in nm,CAM-B3LYP/6-31G** DFT Z isomer n-pi* wavelength in nm,BHLYP/6-31G* DFT E isomer pi-pi* wavelength in nm,BHLYP/6-31G* DFT E isomer n-pi* wavelength in nm,BHLYP/6-31G* Z isomer pi-pi* wavelength in nm,BHLYP/6-31G* DFT Z isomer n-pi* wavelength in nm
0,56,C1(/N=N/C2=CC=CC=C2)=CC=CN=C1,8.44478e-07,toluene,63.0,80.0,322.0,37246.0,448.0,923.0,,,440.0,,,365,440,toluene,,,,,,,,,,,,,,,,
1,269,CC(C=C(N(CCC#N)CCO)C=C1)=C1/N=N/C2=C(C)C=CC=C2,,,,,405.0,,,,,,,,,,,,,,,,,,,,,,,,,,,
2,169,NC1=C(/N=N/C2=CC=CC=C2)C=CC(N)=C1,,,,,411.0,,,,,,,,,,,EtOH,404.0,,,,,,,,384.0,,,,,,,
3,85,CC1=C(C(C)=NN1)/N=N/C2=CC=C(NC(C)=O)C=C2,0.00144,,91.0,68.0,350.0,,410.0,,303.0,,445.0,,,365,CFL white light,MeCN,,,,,,,,,,,,,,,,
4,8,CC(N(C)C(C)=C1)=C1/N=N/C2=CC=CC=C2,2.2e-06,MeCN,77.0,85.0,363.0,1.93,410.0,,311.0,0.875,405.0,0.142,1.828,355,532,MeCN,359.0,437.0,285.0,401.0,,,,,,,,,,,,
5,190,NC1=CC=C(/N=N/C2=CC=C([N+]([O-])=O)C=C2)C=C1,,,,,441.0,,,,,,,,,,,EtOH,493.0,,,,,,,,435.0,,,,,,,
6,156,FC1=CC=C(/N=N/C2=CC=C(F)C=C2)C=C1,,,,,325.0,,432.0,,,,,,,,,EtOH,349.0,465.0,,,,,,,327.0,431.0,,,,,,
7,29,CN(N=C1C)C(C)=C1/N=N/C2=C(OC)C=CC=C2OC,7.22e-08,MeCN,81.0,73.0,307.0,,432.0,,293.0,,426.0,,,UVA,420,MeCN,,,,,,,,,287.0,442.0,325.0,466.0,,,,
8,211,CC1=C(/N=N/C2=CC=C(N(C)C)C=C2C)C=CC([N+]([O-])=O)=C1,,,,,452.0,,,,,,,,,,,CH,490.0,,,,,,,,451.0,,,,,,,
9,215,OC1=C([N+]([O-])=O)C=C([N+]([O-])=O)C=C1/N=N/C2=C(O)C=CC(C)=C2,,,,,400.0,,,,,,,,,,,Wat,476.0,,,,,,,,384.0,,,,,,,
10,146,ClC1=C(/N=N/C2=C(Cl)C=CC=C2)C=CC=C1,,,,,328.0,,467.0,,,,,,,,,CH,362.0,515.0,,,,,,,344.0,485.0,,,,,,
11,10,CN1C(/N=N/C2=CC=CC=C2)=C(C)C=C1C,0.033,MeCN,85.0,98.0,394.0,2.82,430.0,,346.0,0.7040000000000001,479.0,0.608,1.754,415,532,MeCN,360.0,437.0,340.0,485.0,367.0,449.0,338.0,486.0,351.0,423.0,312.0,473.0,,,,
12,107,CC1=NOC(C)=C1/N=N/C2=CC=C(NC(C)=O)C=C2,,,,,342.0,,416.0,,315.0,,437.0,,,,,MeCN,,,,,,,,,,,,,,,,
13,310,[H]N(C)C(C=C1)=CC=C1/N=N/C2=CC=C([N+]([O-])=O)C=C2,,,,,464.0,,,,,,,,,,,,,,,,,,,,,,,,,,,
14,103,CC1=NOC(C)=C1/N=N/C2=C([N+]([O-])=O)C=CC=C2,,,,,318.0,,421.0,,318.0,,415.0,,,,,MeCN,,,,,,,,,,,,,,,,
15,31,FC1=CC=CC(F)=C1/N=N/C2=CC=CC=C2,7.70164e-06,MeCN at 60C,74.0,82.0,309.0,20000.0,451.0,700.0,275.0,,419.0,1000.0,,>500,410,MeCN,,,,,,,,,341.0,498.0,315.0,463.0,,,,
16,138,CCN(CC)C1=CC=C(/N=N/C2=CC=CC=C2)C=C1,,,,,416.0,,,,,,,,,,,EtOH,431.0,,,,,,,,402.0,,,,,,,
17,186,CCN(CC)C(C=C1)=CC=C1/N=N/C2=CC=C([N+]([O-])=O)C=C2,,,,,482.0,,,,,,,,,,,EtOH,528.0,,,,,,,,458.0,,,,,,,
18,91,CC1=NOC(C)=C1/N=N/C2=CC(Cl)=CC=C2,,,,,315.0,,425.0,,294.0,,429.0,,,,,MeCN,,,,,,,,,,,,,,,,
19,121,FC(F)(F)C1=CC=CC=C1/N=N/C2=CC=CC=C2,,,,,317.0,,452.0,,,,,,,,,Alk,342.0,497.0,,,,,,,330.0,463.0,,,,,,
20,71,CC1=C(C(C)=NN1)/N=N/C2=CC=C(Br)C=C2,0.00179,,92.0,72.0,337.0,,416.0,,293.0,,440.0,,,365,CFL white light,MeCN,,,,,,,,,,,,,,,,
21,289,N#CCCNC(C=C1)=CC=C1/N=N/C2=CC=C(OC)C=C2,,,,,395.0,,,,,,,,,,,,,,,,,,,,,,,,,,,
22,40,FC1=CC(C(OCC)=O)=CC(F)=C1/N=N/C2=CC=CC=C2,2.7505840000000003e-05,MeCN at 60C,79.0,89.0,316.0,21000.0,456.0,900.0,255.0,,419.0,1300.0,,>500,410,MeCN,,,,,,,,,350.0,508.0,320.0,468.0,,,,
23,283,FC1=CC=C(/N=N/C2=CC=C(NCCC#N)C=C2)C=C1,,,,,398.0,,,,,,,,,,,,,,,,,,,,,,,,,,,
24,35,FC1=C(F)C(F)=C(F)C(F)=C1/N=N/C2=C(F)C(F)=C(F)C(F)=C2F,4.1e-05,MeCN at 60C,91.0,90.0,310.0,20000.0,453.0,900.0,,,413.0,1600.0,,>500,410,MeCN,,,,,,,,,,,,,,,,
25,389,OC%32=C(N=CC=C%33)C%33=C(/N=N/C%34=CC=C([N+]([O-])=O)C=C%34)C=C%32,,,,,414.0,,,,,,,,,,,,,,,,,,,,,,,,,,,
26,228,[H]C1=CC([N+]([O-])=O)=CC([H])=C1/N=N/C2=CC([H])=C(C=C2OC)N(CC)CC,,,,,501.0,,,,,,,,,,,EtOH,,,,,,,,,,,,,,,,
27,133,O=C(OC)C1=CC=C(/N=N/C2=CC=CC=C2)C=C1,,,,,328.0,,467.0,,,,,,,,,EtOH,355.0,496.0,,,,,,,331.0,450.0,,,,,,
28,270,CC(C=C(N(CCC#N)CCO)C=C1)=C1/N=N/C2=CC(C)=CC=C2,,,,,402.0,,,,,,,,,,,,,,,,,,,,,,,,,,,
29,27,CN(N=C1C)C(C)=C1/N=N/C2=C(F)C=CC=C2F,7.84e-08,MeCN,93.0,77.0,328.0,,425.0,,297.0,,422.0,,,UVA,420,MeCN,,,,,,,,,292.0,437.0,317.0,458.0,,,,
30,122,CC1=CC=CC=C1/N=N/C2=CC=CC=C2,,,,,323.0,,455.0,,,,,,,,,Alk,349.0,495.0,,,,,,,337.0,467.0,,,,,,
31,400,OC%38=C%39N=CC=CC%39=C(/N=N/C%40=NC%41=CC(C)=C(C)C=C%41S%40)C=C%38,,,,,456.0,,,,,,,,,,,,,,,,,,,,,,,,,,,
32,126,NC1=CC(/N=N/C2=CC=CC=C2)=CC=C1,,,,,417.0,,,,,,,,,,,EtOH,429.0,,,,,,,,370.0,,,,,,,
33,305,CN(CCC#N)C(C=C%17)=CC=C%17/N=N/C%18=CC=CC=C%18,,,,,396.0,,,,,,,,,,,,,,,,,,,,,,,,,,,
34,335,c1ccc(cc1)c1[nH]c2c(c1N=Nc1nncs1)cccc2,,,,,437.0,,,,,,,,,,,,,,,,,,,,,,,,,,,
35,182,CC(C=C1)=CC=C1/N=N/C2=CC=C(N(CC)CC)C=C2,,,,,411.0,,,,,,,,,,,EtOH,432.0,,,,,,,,403.0,,,,,,,
36,95,CC1=NOC(C)=C1/N=N/C2=CC=C(Br)C=C2,,,,,325.0,,421.0,,295.0,,432.0,,,,,MeCN,,,,,,,,,,,,,,,,
37,24,CC(C(C=C1)=CC=C1N=NC2=NNC=C2)=O,,,,,322.0,,,,,,415.0,,,,,,,,,,,,,,,,,,,,,
38,209,OC1=C(/N=N/C2=CC=C([N+]([O-])=O)C=C2)C=CC(O)=C1,,,,,432.0,,,,,,,,,,,MeOH,436.0,,,,,,,,395.0,,,,,,,
39,386,OC%23=C(N=CC=C%24)C%24=C(/N=N/C%25=CC=CC=C%25C(O)=O)C=C%23,,,,,398.0,,,,,,,,,,,,,,,,,,,,,,,,,,,
40,61,O=C(N(CCC)C=C1/N=N/C2=CC=C(C(C)(C)C)C=C2)NC1=O,9.8739e-07,toluene,100.0,100.0,375.0,,450.0,,,,450.0,,,600,430,toluene,,,,,,,,,,,,,,,,
41,401,OC%42=C%43N=CC=CC%43=C(/N=N/C%44=NC%45=CC=CC=C%45N%44)C=C%42,,,,,437.0,,,,,,,,,,,,,,,,,,,,,,,,,,,
42,54,CC(NC(C=C1OC)=CC(OC)=C1/N=N/C2=C(OC)C=C(NC(C)=O)C=C2OC)=O,5.73038e-07,DMSO,80.0,85.0,345.0,,490.0,,320.0,,450.0,,,530-560,450-460,DMSO,,,,,,,,,,,,,,,,
43,265,CC(C=C(N(CCC#N)CCO)C=C1)=C1/N=N/C2=C(C#N)C=CC=C2,,,,,438.0,,,,,,,,,,,,,,,,,,,,,,,,,,,
44,248,BrC9=CC([N+]([O-])=O)=CC([N+]([O-])=O)=C9/N=N/C%10=CC(OC)=C(C=C%10)N(CC)CC,,,,,549.0,,,,,,,,,,,,,,,,,,,,,,,,,,,
45,262,CC(C=C(N(CCC#N)CCO)C=C1)=C1/N=N/C2=C(C(F)(F)F)C=CC=C2,,,,,419.0,,,,,,,,,,,,,,,,,,,,,,,,,,,
46,307,CCN(CCC#N)C(C=C%21C)=CC=C%21/N=N/C%22=CC=CC=C%22,,,,,404.0,,,,,,,,,,,,,,,,,,,,,,,,,,,
47,179,CN(C)C1=CC=C(/N=N/C2=CC=C(C(OC)=O)C=C2)C=C1,,,,,442.0,,,,,,,,,,,EtOH,457.0,,,,,,,,419.0,,,,,,,
48,280,ClC1=CC=C(/N=N/C2=CC=C(NCCC#N)C=C2)C=C1,,,,,404.0,,,,,,,,,,,,,,,,,,,,,,,,,,,
49,30,FC1=CC=CC=C1/N=N/C2=C(F)C=CC=C2,1.75037e-05,MeCN at 60C,66.0,82.0,325.0,20000.0,448.0,700.0,275.0,,420.0,1200.0,,>500,410,MeCN,,,,,,,,,346.0,500.0,322.0,466.0,,,,
50,208,CCN(CC)C(C=C1)=CC=C1/N=N/C2=CC(C#N)=CC(C#N)=C2,,,,,478.0,,,,,,,,,,,EtOH,459.0,,,,,,,,422.0,,,,,,,
51,257,CC(C=C(N(CCC#N)CCO)C=C1)=C1/N=N/C2=CC=CC=C2Cl,,,,,412.0,,,,,,,,,,,,,,,,,,,,,,,,,,,
52,314,CC9=CC(NCCC#N)=CC=C9/N=N/C%10=CC=C([N+]([O-])=O)C=C%10,,,,,451.0,,,,,,,,,,,,,,,,,,,,,,,,,,,
53,136,O=C1C=CC(N1C2=CC=C(/N=N/C3=CC=CC=C3)C=C2)=O,,,,,329.0,,,,,,,,,,,MeOH,356.0,,,,,,,,332.0,,,,,,,
54,368,ClC(C=C%13)=CC=C%13N=NC%14=NC%15=CC=C([N+]([O-])=O)C=C%15S%14,,,,,346.0,,,,,,,,,,,,,,,,,,,,,,,,,,,
55,130,ClC1=CC=C(/N=N/C2=CC=CC=C2)C=C1,,,,,324.0,,442.0,,,,,,,,,CH,348.0,479.0,,,,,,,334.0,454.0,,,,,,
56,201,OC1=C(/N=N/C2=CC=C(NC(C)=O)C=C2)C=C(C)C=C1,,,,,357.0,,,,,,,,,,,Wat,417.0,,,,,,,,379.0,,,,,,,
57,15,NC(C=C1)=CC=C1N=NC2=NNC=C2,,,,,391.0,,,,,,452.0,,,,,,,,,,,,,,,,,,,,,
58,334,Cn1c(C)c(c2c1cccc2)N=Nc1nncs1,,,,,434.0,,,,,,,,,,,,,,,,,,,,,,,,,,,
59,358,[H]C%10=CC=C(N=C(N=NC%11=C(NC(C)=O)C=CC=C%11)S%12)C%12=C%10,,,,,331.0,,,,,,,,,,,,,,,,,,,,,,,,,,,
60,12,CN1C(/N=N/C2=CC=CC=C2)=NC=C1,2.2e-05,MeCN,98.0,,363.0,1.7,417.0,0.126,,,,,1.835,363,532,MeCN,342.0,455.0,337.0,489.0,,,,,,,,,,,,
61,293,OCCC1=CC=CC=C1/N=N/C2=CC=C(NCCC#N)C=C2,,,,,399.0,,,,,,,,,,,,,,,,,,,,,,,,,,,
62,124,BrC1=CC(/N=N/C2=CC=CC=C2)=CC=C1,,,,,321.0,,,,,,,,,,,EtOH,343.0,,,,,,,,324.0,,,,,,,
63,155,FC(F)(F)C1=CC=C(/N=N/C2=CC=C(C(F)(F)F)C=C2)C=C1,,,,,313.0,,454.0,,,,,,,,,Alk,335.0,497.0,,,,,,,322.0,461.0,,,,,,
64,292,CC1=CC=C(/N=N/C2=CC=C(NCCC#N)C=C2)C=C1,,,,,395.0,,,,,,,,,,,,,,,,,,,,,,,,,,,
65,16,COC(C=C1)=CC=C1N=NC2=NNC=C2,,,,,344.0,,,,,,430.0,,,,,,,,,,,,,,,,,,,,,
66,218,CC1=C([N+]([O-])=O)C(C)=CC(/N=N/C2=CC(C)=C(N(C)C)C(C)=C2)=C1,,,,,382.0,,,,,,,,,,,EtOH,524.0,,,,,,,,432.0,,,,,,,
67,369,FC(C=C%16)=CC=C%16N=NC%17=NC%18=CC=C([N+]([O-])=O)C=C%18S%17,,,,,342.0,,,,,,,,,,,,,,,,,,,,,,,,,,,
68,348,Sc1[nH]nc(n1)N=Nc1c(c2ccccc2)n(c2c1cccc2)C,,,,,408.0,,,,,,,,,,,,,,,,,,,,,,,,,,,
69,295,OCCC1=CC=C(/N=N/C2=CC=C(NCCC#N)C=C2)C=C1,,,,,396.0,,,,,,,,,,,,,,,,,,,,,,,,,,,
70,87,CC1=NOC(C)=C1/N=N/C2=C(F)C=CC=C2,,,48.0,80.0,321.0,,416.0,,313.0,,422.0,,,,,MeCN,,,,,,,,,,,,,,,,
71,367,ClC%10=CC(N=NC%11=NC%12=CC=C([N+]([O-])=O)C=C%12S%11)=CC=C%10,,,,,334.0,,,,,,,,,,,,,,,,,,,,,,,,,,,
72,376,COC(C=C4)=CC=C4N=NC5=NC6=CC=C([N+]([O-])=O)C=C6S5,,,,,399.0,,,,,,,,,,,,,,,,,,,,,,,,,,,
73,266,CC(C=C(N(CCC#N)CCO)C=C1)=C1/N=N/C2=CC=C(C#N)C=C2,,,,,437.0,,,,,,,,,,,,,,,,,,,,,,,,,,,
74,404,N#CC9C(SC(/N=N/C%10=NC(C=CC([N+]([O-])=O)=C%11)=C%11S%10)C9C%12CCC(OC)CC%12)N,,,,,550.0,,,,,,,,,,,,,,,,,,,,,,,,,,,
75,119,C1(/N=N/C2=CC=CC=C2)=CC=CC=C1,,,,,319.0,,440.0,,,,,,,,,EtOH,344.0,477.0,,304.0,465.0,,,,324.0,438.0,275.0,461.0,,,,
76,344,CCc1nnc(s1)N=Nc1c(c2ccccc2)n(c2c1cccc2)C,,,,,438.0,,,,,,,,,,,,,,,,,,,,,,,,,,,
77,117,CC1=C(/N=N/C2=CC=CN=C2)C(C)=NO1,,,,,316.0,,421.0,,311.0,,429.0,,,,,MeCN,,,,,,,,,,,,,,,,
78,100,CC1=NOC(C)=C1/N=N/C2=C(OC)C=CC=C2,,,,,311.0,,414.0,,285.0,,426.0,,,,,MeCN,,,,,,,,,,,,,,,,
79,288,N#CCCNC(C=C1)=CC=C1/N=N/C2=CC=CC(OC)=C2,,,,,394.0,,,,,,,,,,,,,,,,,,,,,,,,,,,
80,246,[H]C5=CC([N+]([O-])=O)=CC([N+]([O-])=O)=C5/N=N/C6=CC(OC)=C(C=C6)N(CC)CC,,,,,540.0,,,,,,,,,,,,,,,,,,,,,,,,,,,
81,25,[O-][N+](C(C=C1)=CC=C1N=NC2=NNC=C2)=O,,,,,340.0,,,,,,418.0,,,,,,,,,,,,,,,,,,,,,
82,78,CC1=C(C(C)=NN1)/N=N/C2=CC=C(OC)C=C2,0.0012,,92.0,68.0,342.0,,403.0,,301.0,,441.0,,,365,CFL white light,MeCN,,,,,,,,,,,,,,,,
83,359,[H]C%13=CC=C(N=C(N=NC%14=CC=C(NC(C)=O)C=C%14)S%15)C%15=C%13,,,,,371.0,,,,,,,,,,,,,,,,,,,,,,,,,,,
84,28,CN(N=C1C)C(C)=C1/N=N/C2=C(Cl)C=CC=C2Cl,6.95e-06,MeCN,80.0,85.0,328.0,,424.0,,299.0,,425.0,,,UVA,420,MeCN,,,,,,,,,294.0,435.0,304.0,441.0,,,,
85,294,CC(O)C1=CC(/N=N/C2=CC=C(NCCC#N)C=C2)=CC=C1,,,,,396.0,,,,,,,,,,,,,,,,,,,,,,,,,,,
86,219,[H]C1=C(N2CCOCC2)C=CC(/N=N/C3=CC=C(N4CCOCC4)C([H])=C3)=C1,,,,,402.0,,,,,,,,,,,Alk,,,,,,,,,,,,,,,,
87,268,CC(C=C(N(CCC#N)CCO)C=C1)=C1/N=N/C2=CC(OC)=CC=C2,,,,,407.0,,,,,,,,,,,,,,,,,,,,,,,,,,,
88,350,Oc1c(/C=N/c2cc(C(OCC)=O)ccn2)cc(/N=N/c3ccc([N+]([O-])=O)cc3)cc1,,,,,379.0,,,,,,,,,,,,,,,,,,,,,,,,,,,
89,164,CC1=CC(Cl)=CC=C1/N=N/C2=C(C)C=C(Cl)C=C2,,,,,346.0,,461.0,,,,,,,,,CH,379.0,506.0,,,,,,,360.0,481.0,,,,,,
90,243,[H]C%13=C(C=C(OC)C(/N=N/C%14=C(C#N)C=C([N+]([O-])=O)C=C%14C#N)=C%13)N(CC)CC,,,,,601.0,,,,,,,,,,,,,,,,,,,,,,,,,,,
91,123,NC1=CC=CC=C1/N=N/C2=CC=CC=C2,,,,,421.0,,,,,,,,,,,EtOH,419.0,,,,,,,,388.0,,,,,,,
92,66,CC1=C(C(C)=NN1)/N=N/C2=C(Cl)C=CC=C2,0.00403,,84.0,86.0,339.0,,426.0,,292.0,,432.0,,,365,CFL white light,MeCN,,,,,,,,,,,,,,,,
93,207,CCN(CC)C(C=C1)=CC=C1/N=N/C2=CC(C#N)=C(C#N)C=C2,,,,,500.0,,,,,,,,,,,EtOH,496.0,,,,,,,,447.0,,,,,,,
94,399,OC%34=C%35N=CC=CC%35=C(/N=N/C%36=NC%37=CC=C(OC)C=C%37S%36)C=C%34,,,,,461.0,,,,,,,,,,,,,,,,,,,,,,,,,,,
95,332,N#CC1=CC(/N=N/C2=CC=CS2)=CC=C1,,,,,362.0,,,,288.0,,429.0,,,,,,,,,,,,,,,,,,,,,
96,336,Cn1c(c2ccccc2)c(c2c1cccc2)N=Nc1nncs1,,,,,431.0,,,,,,,,,,,,,,,,,,,,,,,,,,,
97,22,O=C(O)C(C=C1)=CC=C1N=NC2=NNC=C2,,,,,328.0,,,,,,425.0,,,,,,,,,,,,,,,,,,,,,
98,26,CN(N=C1)C=C1/N=N/C2=C(F)C=CC=C2F,4.8e-10,DMSO/MeCN,92.0,42.0,316.0,,413.0,,282.0,,400.0,,,UVA,420,MeCN,,,,,,,,,258.0,421.0,312.0,467.0,,,,
99,308,N#CCCN(CCC#N)C(C=C%23)=CC=C%23/N=N/C%24=CC=CC=C%24,,,,,382.0,,,,,,,,,,,,,,,,,,,,,,,,,,,
100,67,CC1=C(C(C)=NN1)/N=N/C2=CC(Cl)=CC=C2,0.0114,,80.0,77.0,336.0,,418.0,,290.0,,418.0,,,365,CFL white light,MeCN,,,,,,,,,,,,,,,,
101,162,CC1=CC(/N=N/C2=CC(C)=C(C)C=C2)=CC=C1C,,,,,333.0,,441.0,,,,,,,,,CH,356.0,473.0,,,,,,,343.0,445.0,,,,,,
102,383,OC%14=C(N=CC=C%15)C%15=C(/N=N/C%16=CC=C(OCC)C=C%16)C=C%14,,,,,388.0,,,,,,,,,,,,,,,,,,,,,,,,,,,
103,59,IC1=C(/N=N/C2=CC=CC=C2)C=NC=C1,1.6742700000000002e-06,toluene,81.0,81.0,330.0,14540.0,,,,,432.0,,,365,440,toluene,,,,,,,,,,,,,,,,
104,145,FC(F)(F)C1=C(/N=N/C2=C(C(F)(F)F)C=CC=C2)C=CC=C1,,,,,317.0,,463.0,,,,,,,,,Alk,343.0,513.0,,,,,,,330.0,477.0,,,,,,
105,395,OC%18=C%19N=CC=CC%19=C(/N=N/C%20=NC(C%21=CC=C(Cl)C=C%21)=CS%20)C=C%18,,,,,456.0,,,,,,,,,,,,,,,,,,,,,,,,,,,
106,143,O=[N+]([O-])C1=CC=C(/N=N/C2=CC=CC=C2)C=C1,,,,,333.0,,460.0,,,,,,,,,EtOH,378.0,517.0,,,,,,,344.0,459.0,,,,,,
107,325,CC(S1)=CC=C1/N=N/C2=CC=C(C#N)C=C2,,,,,387.0,,,,328.0,,400.0,,,,,,,,,,,,,,,,,,,,,
108,222,CC%13=C(N%14CCCC%14)C=CC(/N=N/C%15=CC=C(N%16CCCC%16)C(C)=C%15)=C%13,,,,,406.0,,,,,,,,,,,Alk,,,,,,,,,,,,,,,,
109,142,CN(C)C1=CC=C(/N=N/C2=CC=CC=C2)C=C1,,,,,408.0,,,,,,,,,,,MeOH,427.0,,,,,,,,397.0,,,,,,,
110,36,FC1=CC=CC(F)=C1/N=N/C2=CC=C(C(OCC)=O)C=C2,9.16861e-06,MeCN at 60C,75.0,88.0,316.0,22000.0,453.0,700.0,255.0,,417.0,1000.0,,>500,410,MeCN,,,,,,,,,354.0,523.0,326.0,471.0,,,,
111,194,CN(C)C(C=C1)=CC=C1/N=N/C2=CC=C([N+]([O-])=O)C=C2,,,,,473.0,,,,,,,,,,,EtOH,522.0,,,,,,,,451.0,,,,,,,
112,69,CC1=C(C(C)=NN1)/N=N/C2=C(Br)C=CC=C2,0.0042899999999999,,88.0,72.0,340.0,,424.0,,289.0,,431.0,,,365,CFL white light,MeCN,,,,,,,,,,,,,,,,
113,171,OC(C=C(O)C=C1)=C1/N=N/C2=CC=CC=C2,,,,,400.0,,,,,,,,,,,MeOH,382.0,,,,,,,,360.0,,,,,,,
114,89,CC1=NOC(C)=C1/N=N/C2=CC=C(F)C=C2,,,,,318.0,,421.0,,296.0,,428.0,,,,,MeCN,,,,,,,,,,,,,,,,
115,170,O=[N+]([O-])C1=C(/N=N/C2=C([N+]([O-])=O)C=CC=C2)C=CC=C1,,,,,323.0,,,,,,,,,,,Chl,354.0,,,,,,,,327.0,,,,,,,
116,261,CC(C=C(N(CCC#N)CCO)C=C1)=C1/N=N/C2=CC(F)=CC=C2,,,,,415.0,,,,,,,,,,,,,,,,,,,,,,,,,,,
117,326,CC(S1)=CC=C1/N=N/C2=CC=C(C(F)(F)F)C=C2,,,,,378.0,,,,326.0,,392.0,,,,,,,,,,,,,,,,,,,,,
118,221,[H]C9=C(N%10CCCC%10)C=CC(/N=N/C%11=CC=C(N%12CCCC%12)C([H])=C%11)=C9,,,,,431.0,,,,,,,,,,,Alk,,,,,,,,,,,,,,,,
119,333,Cc1[nH]c2c(c1N=Nc1nncs1)cccc2,,,,,428.0,,,,,,,,,,,,,,,,,,,,,,,,,,,
120,150,ClC1=CC=CC(/N=N/C2=CC=CC(Cl)=C2)=C1,,,,,320.0,,435.0,,,,,,,,,EtOH,346.0,479.0,,,,,,,322.0,440.0,,,,,,
121,381,OC7=C(N=CC=C8)C8=C(/N=N/C9=CC=C(OC%10=CC=CC=C%10)C=C9)C=C7,,,,,395.0,,,,,,,,,,,,,,,,,,,,,,,,,,,
122,195,O=[N+]([O-])C(C=C1)=CC=C1/N=N/C2=CC=C(NC3=CC=CC=C3)C=C2,,,,,483.0,,,,,,,,,,,Wat,536.0,,,,,,,,452.0,,,,,,,
123,377,CSC7=CC=CC=C7N=NC8=NC9=CC=C([N+]([O-])=O)C=C9S8,,,,,340.0,,,,,,,,,,,,,,,,,,,,,,,,,,,
124,168,CN(C)C(C=C1)=CC=C1/N=N/C2=C(C(O)=O)C=CC=C2,,,,,410.0,,,,,,,,,,,MeOH,465.0,,,,,,,,434.0,,,,,,,
125,232,[H]C1=CC([N+]([O-])=O)=CC([N+]([O-])=O)=C1/N=N/C2=CC([H])=C(C=C2[H])N(CC)CC,,,,,532.0,,,,,,,,,,,,,,,,,,,,,,,,,,,
126,152,CC1=CC=CC(/N=N/C2=CC=CC(C)=C2)=C1,,,,,331.0,,447.0,,,,,,,,,Chl,345.0,480.0,,,,,,,330.0,444.0,,,,,,
127,113,CC1=C(/N=N/C2=C(F)C=CC=C2F)C(C)=NO1,,,,,309.0,,419.0,,305.0,,419.0,,,,,MeCN,,,,,,,,,,,,,,,,
128,1,C[N]1C=NC(=N1)N=NC2=CC=CC=C2,3.8e-07,MeCN,90.0,84.0,310.0,1.87,438.0,0.0505,272.0,0.489,434.0,0.127,1.899,355,532,MeCN,306.0,473.0,284.0,448.0,,,,,,,,,,,,
129,258,CC(C=C(N(CCC#N)CCO)C=C1)=C1/N=N/C2=CC=CC(Cl)=C2,,,,,410.0,,,,,,,,,,,,,,,,,,,,,,,,,,,
130,236,[H]C1=C(C=C([H])C(/N=N/C2=C(C#N)C=C([N+]([O-])=O)C=C2C#N)=C1)N(CC)CC,,,,,592.0,,,,,,,,,,,,,,,,,,,,,,,,,,,
131,391,OC4=C5N=CC=CC5=C(/N=N/C6=NC=C(C)S6)C=C4,,,,,436.0,,,,,,,,,,,,,,,,,,,,,,,,,,,
132,110,CC1=C(/N=N/C2=C(Cl)C=CC=C2Cl)C(C)=NO1,,,,,297.0,,429.0,,292.0,,421.0,,,,,MeCN,,,,,,,,,,,,,,,,
133,204,CCN(CC)C(C=C1)=CC=C1/N=N/C2=C(C#N)C=C(C#N)C=C2,,,,,515.0,,,,,,,,,,,EtOH,484.0,,,,,,,,453.0,,,,,,,
134,235,ClC1=CC([N+]([O-])=O)=CC(C#N)=C1/N=N/C2=CC([H])=C(C=C2[H])N(CC)CC,,,,,551.0,,,,,,,,,,,,,,,,,,,,,,,,,,,
135,19,[H]C(C=C1)=CC=C1N=NC2=NNC=C2,,,,,324.0,,,,,,423.0,,,,,,,,,,,,,,,,,,,,,
136,223,COC%17=CC(/N=N/C%18=CC(OC)=C(N%19CCCC%19)C=C%18)=CC=C%17N%20CCCC%20,,,,,452.0,,,,,,,,,,,Alk,,,,,,,,,,,,,,,,
137,14,CN1C(/N=N/C2=CC=CC=C2)=CN=C1,1.2e-06,MeCN,98.0,45.0,362.0,2.58,,,,,,,1.81,365,455,MeCN,343.0,438.0,301.0,426.0,,,,,,,,,,,,
138,375,COC1=CC=CC=C1N=NC2=NC3=CC=C([N+]([O-])=O)C=C3S2,,,,,337.0,,,,,,,,,,,,,,,,,,,,,,,,,,,
139,97,CC1=NOC(C)=C1/N=N/C2=CC(O)=CC=C2,,,,,313.0,,418.0,,288.0,,432.0,,,,,MeCN,,,,,,,,,,,,,,,,
140,272,CC(C=C(N(CCC#N)CCO)C=C1)=C1/N=N/C2=CC(C(O)C)=CC=C2,,,,,405.0,,,,,,,,,,,,,,,,,,,,,,,,,,,
141,251,CC(C=C(N(CCC#N)CCO)C=C1)=C1/N=N/C2=CC=CC=C2,,,,,403.0,,,,,,,,,,,,,,,,,,,,,,,,,,,
142,316,OCCN(CCC#N)C(C=C%13)=CC=C%13/N=N/C%14=CC=C([N+]([O-])=O)C=C%14,,,,,451.0,,,,,,,,,,,,,,,,,,,,,,,,,,,
143,250,CCN(C%13=C(OC)C=C(/N=N/C%14=C(C#N)C=C([N+]([O-])=O)C=C%14C#N)C=C%13)CC,,,,,623.0,,,,,,,,,,,,,,,,,,,,,,,,,,,
144,300,[H]N(CCC#N)C(C=C7)=CC=C7/N=N/C8=CC=CC=C8,,,,,390.0,,,,,,,,,,,,,,,,,,,,,,,,,,,
145,380,OC4=C(N=CC=C5)C5=C(/N=N/C6=CC=C(C)C=C6)C=C4,,,,,390.0,,,,,,,,,,,,,,,,,,,,,,,,,,,
146,315,OCCN(CCO)C(C=C%11)=CC=C%11/N=N/C%12=CC=C([N+]([O-])=O)C=C%12,,,,,475.0,,,,,,,,,,,,,,,,,,,,,,,,,,,
147,372,OCC%25=CC(N=NC%26=NC%27=CC=C([N+]([O-])=O)C=C%27S%26)=CC=C%25,,,,,341.0,,,,,,,,,,,,,,,,,,,,,,,,,,,
148,106,CC1=NOC(C)=C1/N=N/C2=CC(NC(C)=O)=CC=C2,,,,,315.0,,429.0,,295.0,,429.0,,,,,MeCN,,,,,,,,,,,,,,,,
149,279,ClC1=CC(/N=N/C2=CC=C(NCCC#N)C=C2)=CC=C1,,,,,408.0,,,,,,,,,,,,,,,,,,,,,,,,,,,
150,365,O=[N+]([O-])C4=CC=C(N=C(N=NC5=CC=CC=C5C(O)=O)S6)C6=C4,,,,,335.0,,,,,,,,,,,,,,,,,,,,,,,,,,,
151,216,OC(C([N+]([O-])=O)=CC([N+]([O-])=O)=C1)=C1/N=N/C2=CC(C)=CC(NC(C)=O)=C2O,,,,,400.0,,,,,,,,,,,Wat,478.0,,,,,,,,402.0,,,,,,,
152,312,[H]N(CCO)C(C=C5)=CC=C5/N=N/C6=CC=C([N+]([O-])=O)C=C6,,,,,463.0,,,,,,,,,,,,,,,,,,,,,,,,,,,
153,213,CC1=C(/N=N/C2=CC=C(N(C)C)C=C2C)C=CC(C)=C1,,,,,399.0,,,,,,,,,,,CH,426.0,,,,,,,,408.0,,,,,,,
154,191,CN(C)C(C=C1)=CC=C1/N=N/C2=CC=C(N(C)C)C=C2,,,,,455.0,,,,,,,,,,,EtOH,461.0,,,,,,,,427.0,,,,,,,
155,151,FC1=CC=CC(/N=N/C2=CC=CC(F)=C2)=C1,,,,,320.0,,435.0,,,,,,,,,EtOH,345.0,478.0,,,,,,,322.0,439.0,,,,,,
156,297,[H]N(C)C(C=C1)=CC=C1/N=N/C2=CC=CC=C2,,,,,400.0,,,,,,,,,,,,,,,,,,,,,,,,,,,
157,313,[H]N(CCC#N)C(C=C7)=CC=C7/N=N/C8=CC=C([N+]([O-])=O)C=C8,,,,,443.0,,,,,,,,,,,,,,,,,,,,,,,,,,,
158,311,[H]N(CC)C(C=C3)=CC=C3/N=N/C4=CC=C([N+]([O-])=O)C=C4,,,,,468.0,,,,,,,,,,,,,,,,,,,,,,,,,,,
159,371,O=[N+]([O-])C%22=CC=C(N=C(N=NC%23=CC=C([N+]([O-])=O)C=C%23)S%24)C%24=C%22,,,,,332.0,,,,,,,,,,,,,,,,,,,,,,,,,,,
160,165,BrC1=CC(Br)=CC(Br)=C1/N=N/C2=C(Br)C=C(Br)C=C2Br,,,,,302.0,,474.0,,,,,,,,,EtOH,328.0,529.0,,,,,,,298.0,492.0,,,,,,
161,354,C12=CC=CC=C1N=C(/N=N/C3=NC4=CC=CC=C4S3)S2,,,,,421.0,,,,,,,,,,,,,,,,,,,,,,,,,,,
162,229,NC1=C(OC)C=C(/N=N/C2=C([H])C=C([N+]([O-])=O)C=C2[H])C([H])=C1,,,,,488.0,,,,,,,,,,,EtOH,,,,,,,,,,,,,,,,
163,385,OC%20=C(N=CC=C%21)C%21=C(/N=N/C%22=CC=C(C(O)=O)C=C%22)C=C%20,,,,,503.0,,,,,,,,,,,,,,,,,,,,,,,,,,,
164,355,[H]C1=CC=C(N=C(N=NC2=CC=CC=C2)S3)C3=C1,,,,,328.0,,,,,,,,,,,,,,,,,,,,,,,,,,,
165,188,OCCNC(C=C1)=CC=C1/N=N/C2=CC=C([N+]([O-])=O)C=C2,,,,,503.0,,,,,,,,,,,EtOH,532.0,,,,,,,,462.0,,,,,,,
166,109,CC1=C(/N=N/C2=CC(Cl)=CC=C2Cl)C(C)=NO1,,,,,320.0,,430.0,,298.0,,427.0,,,,,MeCN,,,,,,,,,,,,,,,,
167,21,FC1=CC=CC=C1N=NC2=NNC=C2,,,,,328.0,,,,,,421.0,,,,,,,,,,,,,,,,,,,,,
168,330,FC(F)(F)C1=CC=C(/N=N/C2=CC=CS2)C=C1,,,,,362.0,,,,285.0,,433.0,,,,,,,,,,,,,,,,,,,,,
169,378,CSC(C=C%10)=CC=C%10N=NC%11=NC%12=CC=C([N+]([O-])=O)C=C%12S%11,,,,,421.0,,,,,,,,,,,,,,,,,,,,,,,,,,,
170,70,CC1=C(C(C)=NN1)/N=N/C2=CC(Br)=CC=C2,0.0587,,86.0,73.0,335.0,,416.0,,296.0,,437.0,,,365,CFL white light,MeCN,,,,,,,,,,,,,,,,
171,189,NC1=CC=C(/N=N/C2=CC=C(N(C)C)C=C2)C=C1,,,,,410.0,,,,,,,,,,,EtOH,446.0,,,,,,,,414.0,,,,,,,
172,163,CC1=C(Cl)C=CC=C1/N=N/C2=C(C)C(Cl)=CC=C2,,,,,329.0,,461.0,,,,,,,,,CH,341.0,495.0,,,,,,,325.0,471.0,,,,,,
173,247,[H]C7=CC([N+]([O-])=O)=CC(C#N)=C7/N=N/C8=CC(OC)=C(C=C8)N(CC)CC,,,,,555.0,,,,,,,,,,,,,,,,,,,,,,,,,,,
174,301,CC9=CC(NCCC#N)=CC=C9/N=N/C%10=CC=CC=C%10,,,,,396.0,,,,,,,,,,,,,,,,,,,,,,,,,,,
175,72,CC1=C(C(C)=NN1)/N=N/C2=CC(O)=CC=C2,0.00288,,86.0,69.0,330.0,,412.0,,292.0,,437.0,,,365,CFL white light,MeCN,,,,,,,,,,,,,,,,
176,3,C[N]1C=C(C)C(=N1)N=NC2=CC=CC=C2,1.5e-06,MeCN,96.0,87.0,325.0,1.74,428.0,0.0612,286.0,0.515,438.0,0.136,1.874,355,532,MeCN,317.0,458.0,302.0,461.0,,,,,,,,,,,,
177,160,CC1=C(/N=N/C2=CC=C(C)C=C2C)C=CC(C)=C1,,,,,346.0,,458.0,,,,,,,,,CH,374.0,500.0,,,,,,,360.0,474.0,,,,,,
178,252,CC(C=C(N(CCC#N)CCO)C=C1)=C1/N=N/C2=CC=CC=C2[N+]([O-])=O,,,,,429.0,,,,,,,,,,,,,,,,,,,,,,,,,,,
179,181,CC(C=C1)=CC=C1/N=N/C2=CC=C(N(C)C)C=C2,,,,,400.0,,,,,,,,,,,CH,409.0,,,,,,,,389.0,,,,,,,
180,343,CCc1nnc(s1)N=Nc1c([nH]c2c1cccc2)c1ccccc1,,,,,440.0,,,,,,,,,,,,,,,,,,,,,,,,,,,
181,128,BrC1=CC=C(/N=N/C2=CC=CC=C2)C=C1,,,,,329.0,,448.0,,,,,,,,,EtOH,355.0,478.0,,310.0,463.0,,,,329.0,440.0,283.0,446.0,,,,
182,199,CC1=C(/N=N/C2=C(C)C=C(C=C2)N(C)C)C=CC=C1,,,,,400.0,,,,,,,,,,,CH,424.0,,,,,,,,406.0,,,,,,,
183,65,CC1=C(C(C)=NN1)/N=N/C2=CC=C(F)C=C2,0.00162,,85.0,96.0,330.0,,426.0,,293.0,,436.0,,,365,CFL white light,MeCN,,,,,,,,,,,,,,,,
184,274,CC(C=C(N(CCC#N)CCO)C=C1)=C1/N=N/C2=CC=C(C(C)=O)C=C2,,,,,412.0,,,,,,,,,,,,,,,,,,,,,,,,,,,
185,115,CC1=C(/N=N/C2=CC=CC(N)=C2)C(C)=NO1,,,,,315.0,,373.0,,290.0,,428.0,,,,,MeCN,,,,,,,,,,,,,,,,
186,321,N#CCCN(CCC#N)C(C=C%23)=CC=C%23/N=N/C%24=CC=C([N+]([O-])=O)C=C%24,,,,,432.0,,,,,,,,,,,,,,,,,,,,,,,,,,,
187,98,CC1=NOC(C)=C1/N=N/C2=CC(C(F)(F)F)=CC=C2,,,,,314.0,,418.0,,308.0,,426.0,,,,,MeCN,,,,,,,,,,,,,,,,
188,120,BrC1=CC=CC=C1/N=N/C2=CC=CC=C2,,,,,326.0,,,,,,,,,,,EtOH,357.0,,,,,,,,331.0,,,,,,,
189,177,CN(C)C1=CC=C(/N=N/C2=CC=C(C(F)(F)F)C=C2)C=C1,,,,,427.0,,,,,,,,,,,EtOH,443.0,,,,,,,,408.0,,,,,,,
190,64,CC1=C(C(C)=NN1)/N=N/C2=CC(F)=CC=C2,0.00185,,87.0,74.0,334.0,,417.0,,292.0,,437.0,,,365,CFL white light,MeCN,,,,,,,,,,,,,,,,
191,129,FC(F)(F)C1=CC=C(/N=N/C2=CC=CC=C2)C=C1,,,,,315.0,,450.0,,,,,,,,,Alk,339.0,489.0,,,,,,,327.0,455.0,,,,,,
192,233,[H]C1=CC([N+]([O-])=O)=CC(C#N)=C1/N=N/C2=CC([H])=C(C=C2[H])N(CC)CC,,,,,542.0,,,,,,,,,,,,,,,,,,,,,,,,,,,
193,9,CC(N(C)C(C)=C1C)=C1/N=N/C2=CC=CC=C2,0.0007599999999999,MeCN,85.0,98.0,345.0,1.66,410.0,,300.0,0.52,462.0,0.332,1.822,355,532,MeCN,344.0,441.0,340.0,468.0,,,,,,,,,,,,
194,101,CC1=NOC(C)=C1/N=N/C2=CC(OC)=CC=C2,,,,,312.0,,423.0,,289.0,,430.0,,,,,MeCN,,,,,,,,,,,,,,,,
195,96,CC1=NOC(C)=C1/N=N/C2=CC=C(I)C=C2,,,,,330.0,,424.0,,295.0,,432.0,,,,,MeCN,,,,,,,,,,,,,,,,
196,290,CC1=CC=CC=C1/N=N/C2=CC=C(NCCC#N)C=C2,,,,,400.0,,,,,,,,,,,,,,,,,,,,,,,,,,,
197,388,OC%29=C(N=CC=C%30)C%30=C(/N=N/C%31=CC=C(C#N)C=C%31)C=C%29,,,,,413.0,,,,,,,,,,,,,,,,,,,,,,,,,,,
198,286,N#CCCNC(C=C1)=CC=C1/N=N/C2=CC=C(C#N)C=C2,,,,,428.0,,,,,,,,,,,,,,,,,,,,,,,,,,,
199,323,COC(S1)=CC=C1/N=N/C2=CC=CC=C2,,,,,394.0,,,,345.0,,400.0,,,,,,,,,,,,,,,,,,,,,
200,184,NC1=CC=C(/N=N/C2=CC=C(N(CC)CC)C=C2)C=C1,,,,,412.0,,,,,,,,,,,EtOH,449.0,,,,,,,,418.0,,,,,,,
201,141,CNC1=CC=C(/N=N/C2=CC=CC=C2)C=C1,,,,,380.0,,,,,,,,,,,CH,400.0,,,,,,,,386.0,,,,,,,
202,172,OC(C=CC(C)=C1)=C1/N=N/C2=CC=CC=C2,,,,,330.0,,,,,,,,,,,Benz,403.0,,,,,,,,309.0,,,,,,,
203,281,FC1=CC=CC=C1/N=N/C2=CC=C(NCCC#N)C=C2,,,,,404.0,,,,,,,,,,,,,,,,,,,,,,,,,,,
204,327,N#CC(S1)=CC=C1/N=N/C2=CC=CC=C2,,,,,367.0,,,,301.0,,465.0,,,,,,,,,,,,,,,,,,,,,
205,254,CC(C=C(N(CCC#N)CCO)C=C1)=C1/N=N/C2=CC=C([N+]([O-])=O)C=C2,,,,,461.0,,,,,,,,,,,,,,,,,,,,,,,,,,,
206,20,BrC(C=C1)=CC=C1N=NC2=NNC=C2,,,,,331.0,,,,,,421.0,,,,,,,,,,,,,,,,,,,,,
207,349,Oc1c(/C=N/c2cc(C(O)=O)ccn2)cc(/N=N/c3ccc([N+]([O-])=O)cc3)cc1,,,,,378.0,,,,,,,,,,,,,,,,,,,,,,,,,,,
208,108,CC1=C(/N=N/C2=C3C=CC=CC3=CC=C2)C(C)=NO1,,,,,362.0,,439.0,,342.0,,440.0,,,,,MeCN,,,,,,,,,,,,,,,,
209,271,CC(C=C(N(CCC#N)CCO)C=C1)=C1/N=N/C2=CC=C(C)C=C2,,,,,402.0,,,,,,,,,,,,,,,,,,,,,,,,,,,
210,217,OC(C([N+]([O-])=O)=CC([N+]([O-])=O)=C1)=C1/N=N/C2=CC(Cl)=C(N)C=C2N,,,,,492.0,,,,,,,,,,,Wat,525.0,,,,,,,,460.0,,,,,,,
211,340,CSc1nnc(s1)N=Nc1c(c2ccccc2)n(c2c1cccc2)C,,,,,459.0,,,,,,,,,,,,,,,,,,,,,,,,,,,
212,57,CC1=C(/N=N/C2=CC=CC=C2)C=NC=C1,1.92541e-06,toluene,72.0,83.0,322.0,14151.0,455.0,328.0,,,436.0,,,365,440,toluene,,,,,,,,,,,,,,,,
213,285,N#CCCNC(C=C1)=CC=C1/N=N/C2=CC=CC=C2C#N,,,,,429.0,,,,,,,,,,,,,,,,,,,,,,,,,,,
214,341,CC1=C(/N=N/C2=NN=C(CC)S2)C3=CC=CC=C3N1,,,,,420.0,,,,,,,,,,,,,,,,,,,,,,,,,,,
215,366,ClC7=CC=CC=C7N=NC8=NC9=CC=C([N+]([O-])=O)C=C9S8,,,,,343.0,,,,,,,,,,,,,,,,,,,,,,,,,,,
216,0,C[N]1N=NC(=N1)N=NC2=CC=CC=C2,2.1e-07,MeCN,76.0,72.0,310.0,1.67,442.0,0.0373,290.0,0.243,428.0,0.1009999999999999,1.896,355,532,MeCN,305.0,480.0,286.0,448.0,,,,,,,,,,,,
217,361,[H]C%19=CC=C(N=C(N=NC%20=CC=C(OC)C=C%20)S%21)C%21=C%19,,,,,361.0,,,,,,,,,,,,,,,,,,,,,,,,,,,
218,212,CC1=C(/N=N/C2=CC=C(N(C)C)C=C2C)C=C([N+]([O-])=O)C=C1,,,,,425.0,,,,,,,,,,,CH,434.0,,,,,,,,417.0,,,,,,,
219,278,ClC1=CC=CC=C1/N=N/C2=CC=C(NCCC#N)C=C2,,,,,408.0,,,,,,,,,,,,,,,,,,,,,,,,,,,
220,116,CC1=C(/N=N/C2=CC=CC=C2C#N)C(C)=NO1,,,,,325.0,,431.0,,304.0,,434.0,,,,,MeCN,,,,,,,,,,,,,,,,
221,127,O=[N+]([O-])C1=CC(/N=N/C2=CC=CC=C2)=CC=C1,,,,,327.0,,,,,,,,,,,Wat,340.0,,,,,,,,322.0,,,,,,,
222,68,CC1=C(C(C)=NN1)/N=N/C2=CC=C(Cl)C=C2,0.0016699999999999,,90.0,94.0,336.0,,430.0,,295.0,,439.0,,,365,CFL white light,MeCN,,,,,,,,,,,,,,,,
223,329,N#CC1=CC=C(/N=N/C2=CC=CS2)C=C1,,,,,370.0,,,,290.0,,,,,,,,,,,,,,,,,,,,,,,
224,393,OC%11=C%12N=CC=CC%12=C(/N=N/C%13=NC(CC(OCC)=O)=CS%13)C=C%11,,,,,438.0,,,,,,,,,,,,,,,,,,,,,,,,,,,
225,214,CC1=CC(N(CC)CC)=CC=C1/N=N/C2=C(C#N)C=C(C#N)C=C2C#N,,,,,562.0,,,,,,,,,,,EtOH,496.0,,,,,,,,483.0,,,,,,,
226,75,CC1=C(C(C)=NN1)/N=N/C2=CC=C(C(F)(F)F)C=C2,0.0296,,79.0,80.0,334.0,,392.0,,297.0,,436.0,,,365,CFL white light,MeCN,,,,,,,,,,,,,,,,
227,255,CC(C=C(N(CCC#N)CCO)C=C1)=C1/N=N/C2=CC=CC=C2Br,,,,,417.0,,,,,,,,,,,,,,,,,,,,,,,,,,,
228,234,BrC1=CC([N+]([O-])=O)=CC([N+]([O-])=O)=C1/N=N/C2=CC([H])=C(C=C2[H])N(CC)CC,,,,,540.0,,,,,,,,,,,,,,,,,,,,,,,,,,,
229,161,CC1=C(/N=N/C2=CC(C)=CC=C2C)C=C(C)C=C1,,,,,336.0,,463.0,,,,,,,,,CH,370.0,510.0,,,,,,,354.0,483.0,,,,,,
230,166,CC1=CC(C)=CC(C)=C1/N=N/C2=C(C)C=C(C)C=C2C,,,,,325.0,,465.0,,,,,,,,,Alk,344.0,503.0,,,,,,,316.0,479.0,,,,,,
231,82,CC1=C(C(C)=NN1)/N=N/C2=CC(C(O)=O)=CC=C2,0.0304,,81.0,65.0,332.0,,419.0,,295.0,,435.0,,,365,CFL white light,MeCN,,,,,,,,,,,,,,,,
232,86,CC1=NOC(C)=C1/N=N/C2=CC=CC=C2,,,65.0,81.0,315.0,,422.0,,302.0,,428.0,,,,,MeCN,,,,,,,,,334.0,,291.0,485.0,,,,
233,176,ClC(C=C1)=CC=C1/N=N/C2=CC=C(N(C)C)C=C2,,,,,416.0,,,,,,,,,,,EtOH,435.0,,,,,,,,404.0,,,,,,,
